{"cameraMode":{"drawMode":0,"name":"Shaded","section":"Shading Mode"},"sceneLighting":false,"audioPlay":false,"sceneViewState":{"m_AlwaysRefresh":false,"showFog":true,"showSkybox":true,"showFlares":true,"showImageEffects":true,"showParticleSystems":true,"showVisualEffectGraphs":true,"m_FxEnabled":false},"in2DMode":false,"pivot":{"x":0.32700997591018679,"y":2.7876906394958498,"z":-5.686283588409424},"rotation":{"x":-0.2306089997291565,"y":0.11267069727182388,"z":-0.026894163340330125,"w":-0.9661285877227783},"size":1.2247449159622193,"orthographic":false}