{"cameraMode":{"drawMode":0,"name":"Shaded","section":"Shading Mode"},"sceneLighting":false,"audioPlay":false,"sceneViewState":{"m_AlwaysRefresh":false,"showFog":true,"showSkybox":true,"showFlares":true,"showImageEffects":true,"showParticleSystems":true,"showVisualEffectGraphs":true,"m_FxEnabled":false},"in2DMode":false,"pivot":{"x":-321.2749938964844,"y":-58.605403900146487,"z":232.0191192626953},"rotation":{"x":-0.26153454184532168,"y":-0.09047266840934754,"z":0.024630533531308175,"w":-0.9606326222419739},"size":225.82115173339845,"orthographic":false}